md5	export_names
145c78841af85802c88847bc5316d7c7	_ReflectiveLoader@0
c10916d5bd8c01953dff02923c6eb7ab	_ReflectiveLoader@0
5a0e3b48a8b47c328ec681bae03118d2	_ReflectiveLoader@0
300141249dbb1efe9bbd9d32c495d482	_ReflectiveLoader@0
f233680f86a5ef85ddc4fd8a690584ce	_ReflectiveLoader@0
213519c2edbfff7b8e500bcdb7be485e	_ReflectiveLoader@0
53406d5f6bb73307978d7cb76704912f	_ReflectiveLoader@0
0a046424b0057eebc3cb640d6435f132	_ReflectiveLoader@0
0a853f42b8afd5d54e7faff22e73d17a	_ReflectiveLoader@0
0a2de5e799143ae0087ceba4fe3af9b8	_ReflectiveLoader@0
d38cdc1f56d2234792bc9817407f137e	_ReflectiveLoader@0
a854da031f41d683984fcbaa84845e97	_ReflectiveLoader@0
02fce33ddcd7561c32f12a2873b10598	_ReflectiveLoader@0
fd20a3f98424ef24b5210fcba76377b8	_ReflectiveLoader@0
13b2adb2360452247140f0892ab4edb4	_ReflectiveLoader@0
